timeStamp,elapsed,label,responseCode,responseMessage,threadName,success,failureMessage,bytes,grpThreads,allThreads,Latency,IdleTime,Connect
1537171536737,220,SignUp,200,,Scenario 1 1-2,true,,160,8,8,220,0,2
1537171536927,38,SignUp,200,,Scenario 1 1-8,true,,160,8,8,38,0,1
1537171536895,72,SignUp,200,,Scenario 1 1-7,true,,160,7,7,72,0,1
1537171536862,109,SignUp,200,,Scenario 1 1-6,true,,160,6,6,109,0,1
1537171536798,175,SignUp,200,,Scenario 1 1-4,true,,160,5,5,175,0,3
1537171536962,24,SignUp,200,,Scenario 1 1-9,true,,160,4,4,24,0,1
1537171536828,161,SignUp,200,,Scenario 1 1-5,true,,160,3,3,161,0,1
1537171536764,225,SignUp,200,,Scenario 1 1-3,true,,160,3,3,225,0,5
1537171536698,294,SignUp,200,,Scenario 1 1-1,true,,160,1,1,294,0,5
1537171536994,7,SignUp,200,,Scenario 1 1-10,true,,160,1,1,7,0,1
1537171537028,23,SignUp,200,,Scenario 1 1-11,true,,160,1,1,22,0,4
1537171537068,19,SignUp,200,,Scenario 1 1-12,true,,160,1,1,19,0,3
1537171537096,22,SignUp,200,,Scenario 1 1-13,true,,160,1,1,22,0,3
1537171537130,33,SignUp,200,,Scenario 1 1-14,true,,160,1,1,33,0,5
1537171537169,35,SignUp,200,,Scenario 1 1-15,true,,160,2,2,35,0,5
1537171537196,23,SignUp,200,,Scenario 1 1-16,true,,160,1,1,23,0,2
1537171537229,13,SignUp,200,,Scenario 1 1-17,true,,160,1,1,13,0,1
1537171537260,11,SignUp,200,,Scenario 1 1-18,true,,160,1,1,11,0,1
1537171537296,20,SignUp,200,,Scenario 1 1-19,true,,160,1,1,20,0,3
1537171537332,26,SignUp,200,,Scenario 1 1-20,true,,160,1,1,26,0,4
1537171537362,18,SignUp,200,,Scenario 1 1-21,true,,160,1,1,18,0,3
1537171537396,30,SignUp,200,,Scenario 1 1-22,true,,160,1,1,30,0,3
1537171537431,14,SignUp,200,,Scenario 1 1-23,true,,160,1,1,14,0,2
1537171537460,11,SignUp,200,,Scenario 1 1-24,true,,160,1,1,11,0,2
1537171537496,17,SignUp,200,,Scenario 1 1-25,true,,160,1,1,17,0,2
1537171537529,17,SignUp,200,,Scenario 1 1-26,true,,160,1,1,17,0,2
1537171537560,21,SignUp,200,,Scenario 1 1-27,true,,160,1,1,21,0,3
1537171537595,31,SignUp,200,,Scenario 1 1-28,true,,160,1,1,31,0,3
1537171537646,35,SignUp,200,,Scenario 1 1-29,true,,160,2,2,35,0,3
1537171537672,14,SignUp,200,,Scenario 1 1-30,true,,160,1,1,14,0,1
1537171537693,9,SignUp,200,,Scenario 1 1-31,true,,160,1,1,9,0,1
1537171537728,8,SignUp,200,,Scenario 1 1-32,true,,160,1,1,8,0,1
1537171537760,9,SignUp,200,,Scenario 1 1-33,true,,160,1,1,9,0,1
1537171537795,29,SignUp,200,,Scenario 1 1-34,true,,160,1,1,28,0,2
1537171537830,24,SignUp,200,,Scenario 1 1-35,true,,160,1,1,24,0,6
1537171537861,52,SignUp,200,,Scenario 1 1-36,true,,160,2,2,52,0,9
1537171537903,32,SignUp,200,,Scenario 1 1-37,true,,160,2,2,32,0,3
1537171537928,17,SignUp,200,,Scenario 1 1-38,true,,160,1,1,17,0,2
1537171537959,10,SignUp,200,,Scenario 1 1-39,true,,160,1,1,10,0,2
1537171537993,8,SignUp,200,,Scenario 1 1-40,true,,160,1,1,8,0,1
1537171538026,10,SignUp,200,,Scenario 1 1-41,true,,160,1,1,10,0,2
1537171538060,22,SignUp,200,,Scenario 1 1-42,true,,160,1,1,22,0,3
1537171538095,28,SignUp,200,,Scenario 1 1-43,true,,160,1,1,28,0,3
1537171538131,96,SignUp,200,,Scenario 1 1-44,true,,160,3,3,95,0,4
1537171538196,32,SignUp,200,,Scenario 1 1-45,true,,160,2,2,32,0,5
1537171538197,34,SignUp,200,,Scenario 1 1-46,true,,160,1,1,34,0,3
1537171538233,7,SignUp,200,,Scenario 1 1-47,true,,160,1,1,7,0,1
1537171538260,6,SignUp,200,,Scenario 1 1-48,true,,160,1,1,6,0,0
1537171538294,17,SignUp,200,,Scenario 1 1-49,true,,160,1,1,17,0,3
1537171538328,19,SignUp,200,,Scenario 1 1-50,true,,160,1,1,19,0,2
1537171538360,17,SignUp,200,,Scenario 1 1-51,true,,160,1,1,17,0,3
1537171538393,17,SignUp,200,,Scenario 1 1-52,true,,160,1,1,17,0,3
1537171538427,16,SignUp,200,,Scenario 1 1-53,true,,160,1,1,16,0,3
1537171538461,16,SignUp,200,,Scenario 1 1-54,true,,160,1,1,16,0,2
1537171538494,14,SignUp,200,,Scenario 1 1-55,true,,160,1,1,13,0,2
1537171538528,18,SignUp,200,,Scenario 1 1-56,true,,160,1,1,18,0,2
1537171538561,18,SignUp,200,,Scenario 1 1-57,true,,160,1,1,18,0,3
1537171538594,31,SignUp,200,,Scenario 1 1-58,true,,160,1,1,31,0,4
1537171538628,40,SignUp,200,,Scenario 1 1-59,true,,160,1,1,40,0,4
1537171538673,30,SignUp,200,,Scenario 1 1-60,true,,160,2,2,30,0,2
1537171538693,20,SignUp,200,,Scenario 1 1-61,true,,160,1,1,20,0,2
1537171538728,11,SignUp,200,,Scenario 1 1-62,true,,160,1,1,11,0,1
1537171538762,19,SignUp,200,,Scenario 1 1-63,true,,160,1,1,19,0,3
1537171538795,8,SignUp,200,,Scenario 1 1-64,true,,160,1,1,8,0,1
1537171538827,5,SignUp,200,,Scenario 1 1-65,true,,160,1,1,5,0,1
1537171538861,22,SignUp,200,,Scenario 1 1-66,true,,160,1,1,22,0,5
1537171538895,20,SignUp,200,,Scenario 1 1-67,true,,160,1,1,20,0,2
1537171538928,22,SignUp,200,,Scenario 1 1-68,true,,160,1,1,22,0,3
1537171538962,17,SignUp,200,,Scenario 1 1-69,true,,160,1,1,17,0,3
1537171538994,8,SignUp,200,,Scenario 1 1-70,true,,160,1,1,8,0,1
1537171539027,17,SignUp,200,,Scenario 1 1-71,true,,160,1,1,17,0,3
1537171539060,18,SignUp,200,,Scenario 1 1-72,true,,160,1,1,17,0,3
1537171539095,15,SignUp,200,,Scenario 1 1-73,true,,160,1,1,15,0,3
1537171539128,15,SignUp,200,,Scenario 1 1-74,true,,160,1,1,15,0,2
1537171539161,27,SignUp,200,,Scenario 1 1-75,true,,160,1,1,26,0,4
1537171539195,14,SignUp,200,,Scenario 1 1-76,true,,160,1,1,14,0,2
1537171539228,13,SignUp,200,,Scenario 1 1-77,true,,160,1,1,13,0,2
1537171539261,16,SignUp,200,,Scenario 1 1-78,true,,160,1,1,16,0,2
1537171539295,14,SignUp,200,,Scenario 1 1-79,true,,160,1,1,14,0,2
1537171539328,16,SignUp,200,,Scenario 1 1-80,true,,160,1,1,16,0,3
1537171539361,18,SignUp,200,,Scenario 1 1-81,true,,160,1,1,18,0,2
1537171539395,16,SignUp,200,,Scenario 1 1-82,true,,160,1,1,16,0,3
1537171539427,15,SignUp,200,,Scenario 1 1-83,true,,160,1,1,15,0,3
1537171539461,18,SignUp,200,,Scenario 1 1-84,true,,160,1,1,18,0,2
1537171539495,18,SignUp,200,,Scenario 1 1-85,true,,160,1,1,18,0,4
1537171539528,18,SignUp,200,,Scenario 1 1-86,true,,160,1,1,17,0,3
1537171539560,19,SignUp,200,,Scenario 1 1-87,true,,160,1,1,19,0,3
1537171539594,18,SignUp,200,,Scenario 1 1-88,true,,160,1,1,18,0,5
1537171539626,8,SignUp,200,,Scenario 1 1-89,true,,160,1,1,8,0,1
1537171539659,6,SignUp,200,,Scenario 1 1-90,true,,160,1,1,6,0,1
1537171539695,18,SignUp,200,,Scenario 1 1-91,true,,160,1,1,18,0,3
1537171539728,16,SignUp,200,,Scenario 1 1-92,true,,160,1,1,16,0,3
1537171539762,18,SignUp,200,,Scenario 1 1-93,true,,160,1,1,18,0,3
1537171539796,18,SignUp,200,,Scenario 1 1-94,true,,160,1,1,18,0,3
1537171539830,19,SignUp,200,,Scenario 1 1-95,true,,160,1,1,19,0,4
1537171539862,19,SignUp,200,,Scenario 1 1-96,true,,160,1,1,19,0,4
1537171539896,17,SignUp,200,,Scenario 1 1-97,true,,160,1,1,17,0,3
1537171539927,10,SignUp,200,,Scenario 1 1-98,true,,160,1,1,10,0,2
1537171539960,9,SignUp,200,,Scenario 1 1-99,true,,160,1,1,9,0,1
1537171539993,11,SignUp,200,,Scenario 1 1-100,true,,160,1,1,11,0,1
1537171540027,9,SignUp,200,,Scenario 1 1-101,true,,160,1,1,9,0,1
1537171540060,13,SignUp,200,,Scenario 1 1-102,true,,160,1,1,13,0,2
1537171540094,21,SignUp,200,,Scenario 1 1-103,true,,160,1,1,21,0,3
1537171540136,65,SignUp,200,,Scenario 1 1-104,true,,160,3,3,65,0,4
1537171540167,50,SignUp,200,,Scenario 1 1-105,true,,160,2,2,50,0,4
1537171540195,27,SignUp,200,,Scenario 1 1-106,true,,160,1,1,27,0,2
1537171540228,9,SignUp,200,,Scenario 1 1-107,true,,160,1,1,9,0,2
1537171540261,9,SignUp,200,,Scenario 1 1-108,true,,160,1,1,9,0,1
1537171540293,9,SignUp,200,,Scenario 1 1-109,true,,160,1,1,9,0,2
1537171540327,10,SignUp,200,,Scenario 1 1-110,true,,160,1,1,10,0,2
1537171540360,17,SignUp,200,,Scenario 1 1-111,true,,160,1,1,17,0,3
1537171540393,18,SignUp,200,,Scenario 1 1-112,true,,160,1,1,17,0,3
1537171540427,18,SignUp,200,,Scenario 1 1-113,true,,160,1,1,18,0,4
1537171540460,16,SignUp,200,,Scenario 1 1-114,true,,160,1,1,16,0,3
1537171540494,17,SignUp,200,,Scenario 1 1-115,true,,160,1,1,17,0,2
1537171540528,14,SignUp,200,,Scenario 1 1-116,true,,160,1,1,14,0,2
1537171540560,17,SignUp,200,,Scenario 1 1-117,true,,160,1,1,17,0,3
1537171540593,21,SignUp,200,,Scenario 1 1-118,true,,160,1,1,21,0,4
1537171540628,17,SignUp,200,,Scenario 1 1-119,true,,160,1,1,17,0,3
1537171540660,18,SignUp,200,,Scenario 1 1-120,true,,160,1,1,18,0,3
1537171540693,11,SignUp,200,,Scenario 1 1-121,true,,160,1,1,11,0,2
1537171540726,8,SignUp,200,,Scenario 1 1-122,true,,160,1,1,8,0,1
1537171540761,18,SignUp,200,,Scenario 1 1-123,true,,160,1,1,18,0,2
1537171540794,13,SignUp,200,,Scenario 1 1-124,true,,160,1,1,13,0,2
1537171540827,21,SignUp,200,,Scenario 1 1-125,true,,160,1,1,21,0,3
1537171540861,19,SignUp,200,,Scenario 1 1-126,true,,160,1,1,19,0,3
1537171540895,21,SignUp,200,,Scenario 1 1-127,true,,160,1,1,21,0,4
1537171540928,62,SignUp,200,,Scenario 1 1-128,true,,160,2,2,62,0,3
1537171540962,41,SignUp,200,,Scenario 1 1-129,true,,160,2,2,41,0,4
1537171540994,13,SignUp,200,,Scenario 1 1-130,true,,160,1,1,12,0,3
1537171541026,6,SignUp,200,,Scenario 1 1-131,true,,160,1,1,6,0,1
1537171541059,7,SignUp,200,,Scenario 1 1-132,true,,160,1,1,7,0,2
1537171541094,13,SignUp,200,,Scenario 1 1-133,true,,160,1,1,13,0,2
1537171541127,8,SignUp,200,,Scenario 1 1-134,true,,160,1,1,8,0,1
1537171541160,6,SignUp,200,,Scenario 1 1-135,true,,160,1,1,6,0,0
1537171541193,7,SignUp,200,,Scenario 1 1-136,true,,160,1,1,7,0,1
1537171541227,10,SignUp,200,,Scenario 1 1-137,true,,160,1,1,10,0,2
1537171541260,23,SignUp,200,,Scenario 1 1-138,true,,160,1,1,23,0,4
1537171541294,18,SignUp,200,,Scenario 1 1-139,true,,160,1,1,17,0,3
1537171541326,17,SignUp,200,,Scenario 1 1-140,true,,160,1,1,16,0,3
1537171541363,81,SignUp,200,,Scenario 1 1-141,true,,160,3,3,81,0,9
1537171541428,16,SignUp,200,,Scenario 1 1-143,true,,160,2,2,16,0,3
1537171541397,49,SignUp,200,,Scenario 1 1-142,true,,160,1,1,49,0,11
1537171541459,17,SignUp,200,,Scenario 1 1-144,true,,160,1,1,17,0,2
1537171541493,11,SignUp,200,,Scenario 1 1-145,true,,160,1,1,11,0,1
1537171541526,6,SignUp,200,,Scenario 1 1-146,true,,160,1,1,6,0,1
1537171541560,18,SignUp,200,,Scenario 1 1-147,true,,160,1,1,18,0,3
1537171541594,29,SignUp,200,,Scenario 1 1-148,true,,160,1,1,29,0,4
1537171541629,58,SignUp,200,,Scenario 1 1-149,true,,160,2,2,58,0,4
1537171541660,36,SignUp,200,,Scenario 1 1-150,true,,160,2,2,36,0,4
1537171541693,8,SignUp,200,,Scenario 1 1-151,true,,160,1,1,8,0,1
1537171541726,6,SignUp,200,,Scenario 1 1-152,true,,160,1,1,6,0,1
1537171541760,10,SignUp,200,,Scenario 1 1-153,true,,160,1,1,10,0,1
1537171541793,7,SignUp,200,,Scenario 1 1-154,true,,160,1,1,7,0,1
1537171541827,19,SignUp,200,,Scenario 1 1-155,true,,160,1,1,19,0,2
1537171541860,15,SignUp,200,,Scenario 1 1-156,true,,160,1,1,15,0,2
1537171541894,18,SignUp,200,,Scenario 1 1-157,true,,160,1,1,18,0,3
1537171541929,29,SignUp,200,,Scenario 1 1-158,true,,160,1,1,29,0,3
1537171541964,47,SignUp,200,,Scenario 1 1-159,true,,160,2,2,47,0,3
1537171541993,24,SignUp,200,,Scenario 1 1-160,true,,160,1,1,24,0,2
1537171542026,9,SignUp,200,,Scenario 1 1-161,true,,160,1,1,9,0,1
1537171542058,10,SignUp,200,,Scenario 1 1-162,true,,160,1,1,10,0,2
1537171542094,9,SignUp,200,,Scenario 1 1-163,true,,160,1,1,9,0,1
1537171542126,21,SignUp,200,,Scenario 1 1-164,true,,160,1,1,21,0,6
1537171542159,19,SignUp,200,,Scenario 1 1-165,true,,160,1,1,19,0,1
1537171542193,10,SignUp,200,,Scenario 1 1-166,true,,160,1,1,9,0,2
1537171542226,6,SignUp,200,,Scenario 1 1-167,true,,160,1,1,6,0,1
1537171542259,7,SignUp,200,,Scenario 1 1-168,true,,160,1,1,7,0,1
1537171542293,4,SignUp,200,,Scenario 1 1-169,true,,160,1,1,4,0,0
1537171542327,17,SignUp,200,,Scenario 1 1-170,true,,160,1,1,17,0,4
1537171542361,29,SignUp,200,,Scenario 1 1-171,true,,160,1,1,29,0,4
1537171542399,30,SignUp,200,,Scenario 1 1-172,true,,160,2,2,30,0,8
1537171542432,18,SignUp,200,,Scenario 1 1-173,true,,160,1,1,18,0,6
1537171542459,8,SignUp,200,,Scenario 1 1-174,true,,160,1,1,8,0,2
1537171542493,7,SignUp,200,,Scenario 1 1-175,true,,160,1,1,7,0,1
1537171542526,6,SignUp,200,,Scenario 1 1-176,true,,160,1,1,6,0,1
1537171542559,9,SignUp,200,,Scenario 1 1-177,true,,160,1,1,9,0,2
1537171542594,14,SignUp,200,,Scenario 1 1-178,true,,160,1,1,14,0,3
1537171542627,14,SignUp,200,,Scenario 1 1-179,true,,160,1,1,14,0,2
1537171542662,17,SignUp,200,,Scenario 1 1-180,true,,160,1,1,16,0,2
1537171542693,15,SignUp,200,,Scenario 1 1-181,true,,160,1,1,15,0,3
1537171542728,14,SignUp,200,,Scenario 1 1-182,true,,160,1,1,14,0,2
1537171542760,14,SignUp,200,,Scenario 1 1-183,true,,160,1,1,14,0,3
1537171542794,13,SignUp,200,,Scenario 1 1-184,true,,160,1,1,13,0,2
1537171542827,13,SignUp,200,,Scenario 1 1-185,true,,160,1,1,13,0,2
1537171542860,13,SignUp,200,,Scenario 1 1-186,true,,160,1,1,13,0,2
1537171542894,13,SignUp,200,,Scenario 1 1-187,true,,160,1,1,13,0,2
1537171542927,15,SignUp,200,,Scenario 1 1-188,true,,160,1,1,15,0,2
1537171542960,18,SignUp,200,,Scenario 1 1-189,true,,160,1,1,18,0,5
1537171542994,20,SignUp,200,,Scenario 1 1-190,true,,160,1,1,20,0,3
1537171543026,9,SignUp,200,,Scenario 1 1-191,true,,160,1,1,9,0,2
1537171543060,12,SignUp,200,,Scenario 1 1-192,true,,160,1,1,12,0,2
1537171543093,14,SignUp,200,,Scenario 1 1-193,true,,160,1,1,14,0,3
1537171543128,73,SignUp,200,,Scenario 1 1-194,true,,160,3,3,73,0,3
1537171543166,52,SignUp,200,,Scenario 1 1-195,true,,160,2,2,52,0,3
1537171543194,65,SignUp,200,,Scenario 1 1-196,true,,160,3,3,65,0,4
1537171543230,40,SignUp,200,,Scenario 1 1-197,true,,160,2,2,40,0,3
1537171543259,15,SignUp,200,,Scenario 1 1-198,true,,160,1,1,15,0,2
1537171543292,8,SignUp,200,,Scenario 1 1-199,true,,160,1,1,8,0,2
1537171543326,9,SignUp,200,,Scenario 1 1-200,true,,160,1,1,9,0,1
1537171543359,8,SignUp,200,,Scenario 1 1-201,true,,160,1,1,8,0,1
1537171543392,7,SignUp,200,,Scenario 1 1-202,true,,160,1,1,7,0,1
1537171543426,8,SignUp,200,,Scenario 1 1-203,true,,160,1,1,8,0,1
1537171543459,13,SignUp,200,,Scenario 1 1-204,true,,160,1,1,13,0,2
1537171543494,14,SignUp,200,,Scenario 1 1-205,true,,160,1,1,14,0,2
1537171543527,15,SignUp,200,,Scenario 1 1-206,true,,160,1,1,15,0,3
1537171543560,15,SignUp,200,,Scenario 1 1-207,true,,160,1,1,15,0,3
1537171543593,16,SignUp,200,,Scenario 1 1-208,true,,160,1,1,16,0,2
1537171543627,14,SignUp,200,,Scenario 1 1-209,true,,160,1,1,14,0,2
1537171543660,15,SignUp,200,,Scenario 1 1-210,true,,160,1,1,15,0,2
1537171543693,14,SignUp,200,,Scenario 1 1-211,true,,160,1,1,14,0,2
1537171543726,13,SignUp,200,,Scenario 1 1-212,true,,160,1,1,12,0,2
1537171543759,9,SignUp,200,,Scenario 1 1-213,true,,160,1,1,9,0,2
1537171543792,14,SignUp,200,,Scenario 1 1-214,true,,160,1,1,14,0,3
1537171543827,14,SignUp,200,,Scenario 1 1-215,true,,160,1,1,14,0,3
1537171543859,15,SignUp,200,,Scenario 1 1-216,true,,160,1,1,15,0,3
1537171543893,15,SignUp,200,,Scenario 1 1-217,true,,160,1,1,14,0,3
1537171543927,14,SignUp,200,,Scenario 1 1-218,true,,160,1,1,14,0,3
1537171543961,12,SignUp,200,,Scenario 1 1-219,true,,160,1,1,12,0,2
1537171543992,16,SignUp,200,,Scenario 1 1-220,true,,160,1,1,16,0,3
1537171544026,14,SignUp,200,,Scenario 1 1-221,true,,160,1,1,13,0,2
1537171544060,17,SignUp,200,,Scenario 1 1-222,true,,160,1,1,17,0,3
1537171544092,13,SignUp,200,,Scenario 1 1-223,true,,160,1,1,13,0,2
1537171544160,27,SignUp,200,,Scenario 1 1-225,true,,160,2,2,27,0,4
1537171544127,57,SignUp,200,,Scenario 1 1-224,true,,160,2,2,57,0,3
1537171544192,16,SignUp,200,,Scenario 1 1-226,true,,160,1,1,16,0,3
1537171544226,9,SignUp,200,,Scenario 1 1-227,true,,160,1,1,9,0,1
1537171544258,6,SignUp,200,,Scenario 1 1-228,true,,160,1,1,6,0,2
1537171544291,6,SignUp,200,,Scenario 1 1-229,true,,160,1,1,6,0,1
1537171544326,13,SignUp,200,,Scenario 1 1-230,true,,160,1,1,13,0,2
1537171544359,15,SignUp,200,,Scenario 1 1-231,true,,160,1,1,15,0,3
1537171544392,21,SignUp,200,,Scenario 1 1-232,true,,160,1,1,21,0,3
1537171544426,22,SignUp,200,,Scenario 1 1-233,true,,160,1,1,22,0,4
1537171544460,16,SignUp,200,,Scenario 1 1-234,true,,160,1,1,16,0,2
1537171544493,19,SignUp,200,,Scenario 1 1-235,true,,160,1,1,19,0,4
1537171544527,30,SignUp,200,,Scenario 1 1-236,true,,160,1,1,30,0,3
1537171544562,14,SignUp,200,,Scenario 1 1-237,true,,160,1,1,14,0,3
1537171544592,9,SignUp,200,,Scenario 1 1-238,true,,160,1,1,9,0,2
1537171544627,10,SignUp,200,,Scenario 1 1-239,true,,160,1,1,10,0,2
1537171544659,16,SignUp,200,,Scenario 1 1-240,true,,160,1,1,16,0,2
1537171544691,10,SignUp,200,,Scenario 1 1-241,true,,160,1,1,10,0,2
1537171544725,9,SignUp,200,,Scenario 1 1-242,true,,160,1,1,9,0,1
1537171544758,9,SignUp,200,,Scenario 1 1-243,true,,160,1,1,8,0,1
1537171544793,8,SignUp,200,,Scenario 1 1-244,true,,160,1,1,8,0,1
1537171544826,10,SignUp,200,,Scenario 1 1-245,true,,160,1,1,10,0,1
1537171544860,9,SignUp,200,,Scenario 1 1-246,true,,160,1,1,9,0,1
1537171544893,13,SignUp,200,,Scenario 1 1-247,true,,160,1,1,13,0,1
1537171544926,9,SignUp,200,,Scenario 1 1-248,true,,160,1,1,9,0,1
1537171544960,15,SignUp,200,,Scenario 1 1-249,true,,160,1,1,15,0,1
1537171544993,12,SignUp,200,,Scenario 1 1-250,true,,160,1,1,12,0,2
1537171545026,14,SignUp,200,,Scenario 1 1-251,true,,160,1,1,14,0,2
1537171545059,6,SignUp,200,,Scenario 1 1-252,true,,160,1,1,6,0,1
1537171545093,7,SignUp,200,,Scenario 1 1-253,true,,160,1,1,7,0,1
1537171545127,7,SignUp,200,,Scenario 1 1-254,true,,160,1,1,7,0,1
1537171545158,7,SignUp,200,,Scenario 1 1-255,true,,160,1,1,7,0,1
1537171545193,6,SignUp,200,,Scenario 1 1-256,true,,160,1,1,6,0,1
1537171545226,7,SignUp,200,,Scenario 1 1-257,true,,160,1,1,7,0,1
1537171545259,6,SignUp,200,,Scenario 1 1-258,true,,160,1,1,6,0,0
1537171545293,6,SignUp,200,,Scenario 1 1-259,true,,160,1,1,6,0,1
1537171545326,9,SignUp,200,,Scenario 1 1-260,true,,160,1,1,9,0,2
1537171545359,10,SignUp,200,,Scenario 1 1-261,true,,160,1,1,10,0,2
1537171545393,12,SignUp,200,,Scenario 1 1-262,true,,160,1,1,12,0,2
1537171545426,14,SignUp,200,,Scenario 1 1-263,true,,160,1,1,14,0,3
1537171545460,13,SignUp,200,,Scenario 1 1-264,true,,160,1,1,13,0,2
1537171545494,13,SignUp,200,,Scenario 1 1-265,true,,160,1,1,13,0,2
1537171545526,15,SignUp,200,,Scenario 1 1-266,true,,160,1,1,15,0,3
1537171545560,14,SignUp,200,,Scenario 1 1-267,true,,160,1,1,14,0,2
1537171545594,35,SignUp,200,,Scenario 1 1-268,true,,160,1,1,35,0,6
1537171545643,57,SignUp,200,,Scenario 1 1-269,true,,160,3,3,57,0,3
1537171545693,12,SignUp,200,,Scenario 1 1-271,true,,160,2,2,12,0,0
1537171545659,47,SignUp,200,,Scenario 1 1-270,true,,160,1,1,47,0,5
1537171545727,11,SignUp,200,,Scenario 1 1-272,true,,160,1,1,11,0,1
1537171545761,11,SignUp,200,,Scenario 1 1-273,true,,160,1,1,11,0,2
1537171545794,11,SignUp,200,,Scenario 1 1-274,true,,160,1,1,10,0,2
1537171545827,11,SignUp,200,,Scenario 1 1-275,true,,160,1,1,11,0,2
1537171545860,14,SignUp,200,,Scenario 1 1-276,true,,160,1,1,14,0,2
1537171545894,20,SignUp,200,,Scenario 1 1-277,true,,160,1,1,19,0,2
1537171545927,12,SignUp,200,,Scenario 1 1-278,true,,160,1,1,12,0,2
1537171545960,13,SignUp,200,,Scenario 1 1-279,true,,160,1,1,13,0,2
1537171545994,12,SignUp,200,,Scenario 1 1-280,true,,160,1,1,12,0,2
1537171546026,17,SignUp,200,,Scenario 1 1-281,true,,160,1,1,17,0,2
1537171546060,12,SignUp,200,,Scenario 1 1-282,true,,160,1,1,12,0,2
1537171546094,12,SignUp,200,,Scenario 1 1-283,true,,160,1,1,12,0,2
1537171546127,16,SignUp,200,,Scenario 1 1-284,true,,160,1,1,16,0,3
1537171546160,20,SignUp,200,,Scenario 1 1-285,true,,160,1,1,20,0,2
1537171546194,15,SignUp,200,,Scenario 1 1-286,true,,160,1,1,15,0,3
1537171546228,16,SignUp,200,,Scenario 1 1-287,true,,160,1,1,16,0,3
1537171546259,7,SignUp,200,,Scenario 1 1-288,true,,160,1,1,7,0,1
1537171546293,8,SignUp,200,,Scenario 1 1-289,true,,160,1,1,8,0,2
1537171546326,6,SignUp,200,,Scenario 1 1-290,true,,160,1,1,6,0,0
1537171546359,6,SignUp,200,,Scenario 1 1-291,true,,160,1,1,6,0,1
1537171546393,9,SignUp,200,,Scenario 1 1-292,true,,160,1,1,9,0,1
1537171546426,9,SignUp,200,,Scenario 1 1-293,true,,160,1,1,9,0,2
1537171546460,8,SignUp,200,,Scenario 1 1-294,true,,160,1,1,8,0,1
1537171546506,41,SignUp,200,,Scenario 1 1-295,true,,160,2,2,41,0,2
1537171546528,26,SignUp,200,,Scenario 1 1-296,true,,160,1,1,26,0,1
1537171546560,7,SignUp,200,,Scenario 1 1-297,true,,160,1,1,7,0,1
1537171546593,6,SignUp,200,,Scenario 1 1-298,true,,160,1,1,6,0,1
1537171546626,6,SignUp,200,,Scenario 1 1-299,true,,160,1,1,6,0,1
1537171546659,9,SignUp,200,,Scenario 1 1-300,true,,160,1,1,9,0,1
